Запрос;Целевая страница
"подработка в ярославле";"https://dodelay.ru/podrabotka/yaroslavl"
"шабашка в ярославле";"https://dodelay.ru/podrabotka/yaroslavl"
"разовая работа в ярославле";"https://dodelay.ru/podrabotka/yaroslavl"
"найти подработку в ярославле";"https://dodelay.ru/podrabotka/yaroslavl"
"найти мастера в ярославле";"https://dodelay.ru/podrabotka/yaroslavl"
"частные мастера в ярославле";"https://dodelay.ru/podrabotka/yaroslavl"
"подработка в рыбинске";"https://dodelay.ru/podrabotka/rybinsk"
"шабашка в рыбинске";"https://dodelay.ru/podrabotka/rybinsk"
"разовая работа в рыбинске";"https://dodelay.ru/podrabotka/rybinsk"
"найти подработку в рыбинске";"https://dodelay.ru/podrabotka/rybinsk"
"найти мастера в рыбинске";"https://dodelay.ru/podrabotka/rybinsk"
"частные мастера в рыбинске";"https://dodelay.ru/podrabotka/rybinsk"
"подработка в тутаеве";"https://dodelay.ru/podrabotka/tutaev"
"шабашка в тутаеве";"https://dodelay.ru/podrabotka/tutaev"
"разовая работа в тутаеве";"https://dodelay.ru/podrabotka/tutaev"
"найти подработку в тутаеве";"https://dodelay.ru/podrabotka/tutaev"
"найти мастера в тутаеве";"https://dodelay.ru/podrabotka/tutaev"
"частные мастера в тутаеве";"https://dodelay.ru/podrabotka/tutaev"
"подработка в переславле-залесском";"https://dodelay.ru/podrabotka/pereslavl"
"шабашка в переславле-залесском";"https://dodelay.ru/podrabotka/pereslavl"
"разовая работа в переславле-залесском";"https://dodelay.ru/podrabotka/pereslavl"
"найти подработку в переславле-залесском";"https://dodelay.ru/podrabotka/pereslavl"
"найти мастера в переславле-залесском";"https://dodelay.ru/podrabotka/pereslavl"
"частные мастера в переславле-залесском";"https://dodelay.ru/podrabotka/pereslavl"
"подработка в угличе";"https://dodelay.ru/podrabotka/uglich"
"шабашка в угличе";"https://dodelay.ru/podrabotka/uglich"
"разовая работа в угличе";"https://dodelay.ru/podrabotka/uglich"
"найти подработку в угличе";"https://dodelay.ru/podrabotka/uglich"
"найти мастера в угличе";"https://dodelay.ru/podrabotka/uglich"
"частные мастера в угличе";"https://dodelay.ru/podrabotka/uglich"
"подработка в ростове великом";"https://dodelay.ru/podrabotka/rostov"
"шабашка в ростове великом";"https://dodelay.ru/podrabotka/rostov"
"разовая работа в ростове великом";"https://dodelay.ru/podrabotka/rostov"
"найти подработку в ростове великом";"https://dodelay.ru/podrabotka/rostov"
"найти мастера в ростове великом";"https://dodelay.ru/podrabotka/rostov"
"частные мастера в ростове великом";"https://dodelay.ru/podrabotka/rostov"
"подработка в кировском районе";"https://dodelay.ru/podrabotka/yaroslavl/rayon/kirovsky"
"шабашка в кировском районе";"https://dodelay.ru/podrabotka/yaroslavl/rayon/kirovsky"
"мастер в кировском районе";"https://dodelay.ru/podrabotka/yaroslavl/rayon/kirovsky"
"подработка в ленинском районе";"https://dodelay.ru/podrabotka/yaroslavl/rayon/leninsky"
"шабашка в ленинском районе";"https://dodelay.ru/podrabotka/yaroslavl/rayon/leninsky"
"мастер в ленинском районе";"https://dodelay.ru/podrabotka/yaroslavl/rayon/leninsky"
"подработка в дзержинском районе";"https://dodelay.ru/podrabotka/yaroslavl/rayon/dzerzhinsky"
"шабашка в дзержинском районе";"https://dodelay.ru/podrabotka/yaroslavl/rayon/dzerzhinsky"
"мастер в дзержинском районе";"https://dodelay.ru/podrabotka/yaroslavl/rayon/dzerzhinsky"
"подработка в заволжском районе";"https://dodelay.ru/podrabotka/yaroslavl/rayon/zavolzhsky"
"шабашка в заволжском районе";"https://dodelay.ru/podrabotka/yaroslavl/rayon/zavolzhsky"
"мастер в заволжском районе";"https://dodelay.ru/podrabotka/yaroslavl/rayon/zavolzhsky"
"подработка в красноперекопском районе";"https://dodelay.ru/podrabotka/yaroslavl/rayon/krasnoperekopsky"
"шабашка в красноперекопском районе";"https://dodelay.ru/podrabotka/yaroslavl/rayon/krasnoperekopsky"
"мастер в красноперекопском районе";"https://dodelay.ru/podrabotka/yaroslavl/rayon/krasnoperekopsky"
"подработка в фрунзенском районе";"https://dodelay.ru/podrabotka/yaroslavl/rayon/frunzensky"
"шабашка в фрунзенском районе";"https://dodelay.ru/podrabotka/yaroslavl/rayon/frunzensky"
"мастер в фрунзенском районе";"https://dodelay.ru/podrabotka/yaroslavl/rayon/frunzensky"
"доделай";"https://dodelay.ru/"
"доделай ру";"https://dodelay.ru/"
"dodelay";"https://dodelay.ru/"
"dodelay ru";"https://dodelay.ru/"
"доделай ярославль";"https://dodelay.ru/"
"доделай сайт";"https://dodelay.ru/"
"доделай подработка";"https://dodelay.ru/"
"сайт доделай ру";"https://dodelay.ru/"
"сервис подработки ярославская область";"https://dodelay.ru/"
"подработка ярославская область";"https://dodelay.ru/"
"шабашка ярославская область";"https://dodelay.ru/"
"найти работу на день ярославль";"https://dodelay.ru/"
"сайт для поиска подработки";"https://dodelay.ru/"
"приложение для подработки";"https://dodelay.ru/"
"подработка без оформления";"https://dodelay.ru/"
"подработка за наличные";"https://dodelay.ru/"
"муж на час в ярославле";"https://dodelay.ru/podrabotka/yaroslavl/handyman"
"муж на час в рыбинске";"https://dodelay.ru/podrabotka/rybinsk/handyman"
"муж на час в тутаеве";"https://dodelay.ru/podrabotka/tutaev/handyman"
"муж на час в переславле-залесском";"https://dodelay.ru/podrabotka/pereslavl/handyman"
"муж на час в угличе";"https://dodelay.ru/podrabotka/uglich/handyman"
"муж на час в ростове великом";"https://dodelay.ru/podrabotka/rostov/handyman"
"электрик в ярославле";"https://dodelay.ru/podrabotka/yaroslavl/electrician"
"электрик в рыбинске";"https://dodelay.ru/podrabotka/rybinsk/electrician"
"электрик в тутаеве";"https://dodelay.ru/podrabotka/tutaev/electrician"
"электрик в переславле-залесском";"https://dodelay.ru/podrabotka/pereslavl/electrician"
"электрик в угличе";"https://dodelay.ru/podrabotka/uglich/electrician"
"электрик в ростове великом";"https://dodelay.ru/podrabotka/rostov/electrician"
"сантехник в ярославле";"https://dodelay.ru/podrabotka/yaroslavl/plumber"
"сантехник в рыбинске";"https://dodelay.ru/podrabotka/rybinsk/plumber"
"сантехник в тутаеве";"https://dodelay.ru/podrabotka/tutaev/plumber"
"сантехник в переславле-залесском";"https://dodelay.ru/podrabotka/pereslavl/plumber"
"сантехник в угличе";"https://dodelay.ru/podrabotka/uglich/plumber"
"сантехник в ростове великом";"https://dodelay.ru/podrabotka/rostov/plumber"
"сборка мебели в ярославле";"https://dodelay.ru/podrabotka/yaroslavl/furniture"
"сборка мебели в рыбинске";"https://dodelay.ru/podrabotka/rybinsk/furniture"
"сборка мебели в тутаеве";"https://dodelay.ru/podrabotka/tutaev/furniture"
"сборка мебели в переславле-залесском";"https://dodelay.ru/podrabotka/pereslavl/furniture"
"сборка мебели в угличе";"https://dodelay.ru/podrabotka/uglich/furniture"
"сборка мебели в ростове великом";"https://dodelay.ru/podrabotka/rostov/furniture"
"грузчик в ярославле";"https://dodelay.ru/podrabotka/yaroslavl/mover"
"грузчик в рыбинске";"https://dodelay.ru/podrabotka/rybinsk/mover"
"грузчик в тутаеве";"https://dodelay.ru/podrabotka/tutaev/mover"
"грузчик в переславле-залесском";"https://dodelay.ru/podrabotka/pereslavl/mover"
"грузчик в угличе";"https://dodelay.ru/podrabotka/uglich/mover"
"грузчик в ростове великом";"https://dodelay.ru/podrabotka/rostov/mover"
"сварщик в ярославле";"https://dodelay.ru/podrabotka/yaroslavl/welder"
"сварщик в рыбинске";"https://dodelay.ru/podrabotka/rybinsk/welder"
"сварщик в тутаеве";"https://dodelay.ru/podrabotka/tutaev/welder"
"сварщик в переславле-залесском";"https://dodelay.ru/podrabotka/pereslavl/welder"
"сварщик в угличе";"https://dodelay.ru/podrabotka/uglich/welder"
"сварщик в ростове великом";"https://dodelay.ru/podrabotka/rostov/welder"
"плиточник в ярославле";"https://dodelay.ru/podrabotka/yaroslavl/tiler"
"плиточник в рыбинске";"https://dodelay.ru/podrabotka/rybinsk/tiler"
"плиточник в тутаеве";"https://dodelay.ru/podrabotka/tutaev/tiler"
"плиточник в переславле-залесском";"https://dodelay.ru/podrabotka/pereslavl/tiler"
"плиточник в угличе";"https://dodelay.ru/podrabotka/uglich/tiler"
"плиточник в ростове великом";"https://dodelay.ru/podrabotka/rostov/tiler"
"маляр в ярославле";"https://dodelay.ru/podrabotka/yaroslavl/painter"
"маляр в рыбинске";"https://dodelay.ru/podrabotka/rybinsk/painter"
"маляр в тутаеве";"https://dodelay.ru/podrabotka/tutaev/painter"
"маляр в переславле-залесском";"https://dodelay.ru/podrabotka/pereslavl/painter"
"маляр в угличе";"https://dodelay.ru/podrabotka/uglich/painter"
"маляр в ростове великом";"https://dodelay.ru/podrabotka/rostov/painter"
"отделочник в ярославле";"https://dodelay.ru/podrabotka/yaroslavl/finisher"
"отделочник в рыбинске";"https://dodelay.ru/podrabotka/rybinsk/finisher"
"отделочник в тутаеве";"https://dodelay.ru/podrabotka/tutaev/finisher"
"отделочник в переславле-залесском";"https://dodelay.ru/podrabotka/pereslavl/finisher"
"отделочник в угличе";"https://dodelay.ru/podrabotka/uglich/finisher"
"отделочник в ростове великом";"https://dodelay.ru/podrabotka/rostov/finisher"
"плотник";"https://dodelay.ru/podrabotka/yaroslavl/carpenter"
"вызвать плотника в рыбинске";"https://dodelay.ru/podrabotka/rybinsk/carpenter"
"вызвать плотника в тутаеве";"https://dodelay.ru/podrabotka/tutaev/carpenter"
"вызвать плотника в переславле-залесском";"https://dodelay.ru/podrabotka/pereslavl/carpenter"
"вызвать плотника в угличе";"https://dodelay.ru/podrabotka/uglich/carpenter"
"вызвать плотника в ростове великом";"https://dodelay.ru/podrabotka/rostov/carpenter"
"каменщик в ярославле";"https://dodelay.ru/podrabotka/yaroslavl/mason"
"каменщик в рыбинске";"https://dodelay.ru/podrabotka/rybinsk/mason"
"каменщик в тутаеве";"https://dodelay.ru/podrabotka/tutaev/mason"
"каменщик в переславле-залесском";"https://dodelay.ru/podrabotka/pereslavl/mason"
"каменщик в угличе";"https://dodelay.ru/podrabotka/uglich/mason"
"каменщик в ростове великом";"https://dodelay.ru/podrabotka/rostov/mason"
"штукатур в ярославле";"https://dodelay.ru/podrabotka/yaroslavl/plasterer"
"штукатур в рыбинске";"https://dodelay.ru/podrabotka/rybinsk/plasterer"
"штукатур в тутаеве";"https://dodelay.ru/podrabotka/tutaev/plasterer"
"штукатур в переславле-залесском";"https://dodelay.ru/podrabotka/pereslavl/plasterer"
"штукатур в угличе";"https://dodelay.ru/podrabotka/uglich/plasterer"
"штукатур в ростове великом";"https://dodelay.ru/podrabotka/rostov/plasterer"
"обойщик в ярославле";"https://dodelay.ru/podrabotka/yaroslavl/wallpaper"
"обойщик в рыбинске";"https://dodelay.ru/podrabotka/rybinsk/wallpaper"
"обойщик в тутаеве";"https://dodelay.ru/podrabotka/tutaev/wallpaper"
"обойщик в переславле-залесском";"https://dodelay.ru/podrabotka/pereslavl/wallpaper"
"обойщик в угличе";"https://dodelay.ru/podrabotka/uglich/wallpaper"
"обойщик в ростове великом";"https://dodelay.ru/podrabotka/rostov/wallpaper"
"укладка полов в ярославле";"https://dodelay.ru/podrabotka/yaroslavl/flooring"
"укладка полов в рыбинске";"https://dodelay.ru/podrabotka/rybinsk/flooring"
"укладка полов в тутаеве";"https://dodelay.ru/podrabotka/tutaev/flooring"
"укладка полов в переславле-залесском";"https://dodelay.ru/podrabotka/pereslavl/flooring"
"укладка полов в угличе";"https://dodelay.ru/podrabotka/uglich/flooring"
"укладка полов в ростове великом";"https://dodelay.ru/podrabotka/rostov/flooring"
"гипсокартон в ярославле";"https://dodelay.ru/podrabotka/yaroslavl/drywall"
"гипсокартон в рыбинске";"https://dodelay.ru/podrabotka/rybinsk/drywall"
"гипсокартон в тутаеве";"https://dodelay.ru/podrabotka/tutaev/drywall"
"гипсокартон в переславле-залесском";"https://dodelay.ru/podrabotka/pereslavl/drywall"
"гипсокартон в угличе";"https://dodelay.ru/podrabotka/uglich/drywall"
"гипсокартон в ростове великом";"https://dodelay.ru/podrabotka/rostov/drywall"
"установка дверей в ярославле";"https://dodelay.ru/podrabotka/yaroslavl/doors"
"установка дверей в рыбинске";"https://dodelay.ru/podrabotka/rybinsk/doors"
"установка дверей в тутаеве";"https://dodelay.ru/podrabotka/tutaev/doors"
"установка дверей в переславле-залесском";"https://dodelay.ru/podrabotka/pereslavl/doors"
"установка дверей в угличе";"https://dodelay.ru/podrabotka/uglich/doors"
"установка дверей в ростове великом";"https://dodelay.ru/podrabotka/rostov/doors"
"установка окон в ярославле";"https://dodelay.ru/podrabotka/yaroslavl/windows"
"установка окон в рыбинске";"https://dodelay.ru/podrabotka/rybinsk/windows"
"установка окон в тутаеве";"https://dodelay.ru/podrabotka/tutaev/windows"
"установка окон в переславле-залесском";"https://dodelay.ru/podrabotka/pereslavl/windows"
"установка окон в угличе";"https://dodelay.ru/podrabotka/uglich/windows"
"установка окон в ростове великом";"https://dodelay.ru/podrabotka/rostov/windows"
"натяжные потолки в ярославле";"https://dodelay.ru/podrabotka/yaroslavl/ceilings"
"натяжные потолки в рыбинске";"https://dodelay.ru/podrabotka/rybinsk/ceilings"
"натяжные потолки в тутаеве";"https://dodelay.ru/podrabotka/tutaev/ceilings"
"натяжные потолки в переславле-залесском";"https://dodelay.ru/podrabotka/pereslavl/ceilings"
"натяжные потолки в угличе";"https://dodelay.ru/podrabotka/uglich/ceilings"
"натяжные потолки в ростове великом";"https://dodelay.ru/podrabotka/rostov/ceilings"
"кровельщик в ярославле";"https://dodelay.ru/podrabotka/yaroslavl/roofer"
"кровельщик в рыбинске";"https://dodelay.ru/podrabotka/rybinsk/roofer"
"кровельщик в тутаеве";"https://dodelay.ru/podrabotka/tutaev/roofer"
"кровельщик в переславле-залесском";"https://dodelay.ru/podrabotka/pereslavl/roofer"
"кровельщик в угличе";"https://dodelay.ru/podrabotka/uglich/roofer"
"кровельщик в ростове великом";"https://dodelay.ru/podrabotka/rostov/roofer"
"демонтаж в ярославле";"https://dodelay.ru/podrabotka/yaroslavl/demolition"
"демонтаж в рыбинске";"https://dodelay.ru/podrabotka/rybinsk/demolition"
"демонтаж в тутаеве";"https://dodelay.ru/podrabotka/tutaev/demolition"
"демонтаж в переславле-залесском";"https://dodelay.ru/podrabotka/pereslavl/demolition"
"демонтаж в угличе";"https://dodelay.ru/podrabotka/uglich/demolition"
"демонтаж в ростове великом";"https://dodelay.ru/podrabotka/rostov/demolition"
"отопление и котлы в ярославле";"https://dodelay.ru/podrabotka/yaroslavl/heating"
"отопление и котлы в рыбинске";"https://dodelay.ru/podrabotka/rybinsk/heating"
"отопление и котлы в тутаеве";"https://dodelay.ru/podrabotka/tutaev/heating"
"отопление и котлы в переславле-залесском";"https://dodelay.ru/podrabotka/pereslavl/heating"
"отопление и котлы в угличе";"https://dodelay.ru/podrabotka/uglich/heating"
"отопление и котлы в ростове великом";"https://dodelay.ru/podrabotka/rostov/heating"
"кондиционеры в ярославле";"https://dodelay.ru/podrabotka/yaroslavl/aircon"
"кондиционеры в рыбинске";"https://dodelay.ru/podrabotka/rybinsk/aircon"
"кондиционеры в тутаеве";"https://dodelay.ru/podrabotka/tutaev/aircon"
"кондиционеры в переславле-залесском";"https://dodelay.ru/podrabotka/pereslavl/aircon"
"кондиционеры в угличе";"https://dodelay.ru/podrabotka/uglich/aircon"
"кондиционеры в ростове великом";"https://dodelay.ru/podrabotka/rostov/aircon"
"вентиляция в ярославле";"https://dodelay.ru/podrabotka/yaroslavl/ventilation"
"вентиляция в рыбинске";"https://dodelay.ru/podrabotka/rybinsk/ventilation"
"вентиляция в тутаеве";"https://dodelay.ru/podrabotka/tutaev/ventilation"
"вентиляция в переславле-залесском";"https://dodelay.ru/podrabotka/pereslavl/ventilation"
"вентиляция в угличе";"https://dodelay.ru/podrabotka/uglich/ventilation"
"вентиляция в ростове великом";"https://dodelay.ru/podrabotka/rostov/ventilation"
"скважины и колодцы в ярославле";"https://dodelay.ru/podrabotka/yaroslavl/wells"
"скважины и колодцы в рыбинске";"https://dodelay.ru/podrabotka/rybinsk/wells"
"скважины и колодцы в тутаеве";"https://dodelay.ru/podrabotka/tutaev/wells"
"скважины и колодцы в переславле-залесском";"https://dodelay.ru/podrabotka/pereslavl/wells"
"скважины и колодцы в угличе";"https://dodelay.ru/podrabotka/uglich/wells"
"скважины и колодцы в ростове великом";"https://dodelay.ru/podrabotka/rostov/wells"
"интернет и видеонаблюдение в ярославле";"https://dodelay.ru/podrabotka/yaroslavl/lowvoltage"
"интернет и видеонаблюдение в рыбинске";"https://dodelay.ru/podrabotka/rybinsk/lowvoltage"
"интернет и видеонаблюдение в тутаеве";"https://dodelay.ru/podrabotka/tutaev/lowvoltage"
"интернет и видеонаблюдение в переславле-залесском";"https://dodelay.ru/podrabotka/pereslavl/lowvoltage"
"интернет и видеонаблюдение в угличе";"https://dodelay.ru/podrabotka/uglich/lowvoltage"
"интернет и видеонаблюдение в ростове великом";"https://dodelay.ru/podrabotka/rostov/lowvoltage"
"ремонт техники в ярославле";"https://dodelay.ru/podrabotka/yaroslavl/appliance"
"ремонт техники в рыбинске";"https://dodelay.ru/podrabotka/rybinsk/appliance"
"ремонт техники в тутаеве";"https://dodelay.ru/podrabotka/tutaev/appliance"
"ремонт техники в переславле-залесском";"https://dodelay.ru/podrabotka/pereslavl/appliance"
"ремонт техники в угличе";"https://dodelay.ru/podrabotka/uglich/appliance"
"ремонт техники в ростове великом";"https://dodelay.ru/podrabotka/rostov/appliance"
"ремонт бытовой техники в ярославле";"https://dodelay.ru/podrabotka/yaroslavl/appliancerepair"
"ремонт бытовой техники в рыбинске";"https://dodelay.ru/podrabotka/rybinsk/appliancerepair"
"ремонт бытовой техники в тутаеве";"https://dodelay.ru/podrabotka/tutaev/appliancerepair"
"ремонт бытовой техники в переславле-залесском";"https://dodelay.ru/podrabotka/pereslavl/appliancerepair"
"ремонт бытовой техники в угличе";"https://dodelay.ru/podrabotka/uglich/appliancerepair"
"ремонт бытовой техники в ростове великом";"https://dodelay.ru/podrabotka/rostov/appliancerepair"
"компьютерная помощь в ярославле";"https://dodelay.ru/podrabotka/yaroslavl/computerhelp"
"компьютерная помощь в рыбинске";"https://dodelay.ru/podrabotka/rybinsk/computerhelp"
"компьютерная помощь в тутаеве";"https://dodelay.ru/podrabotka/tutaev/computerhelp"
"компьютерная помощь в переславле-залесском";"https://dodelay.ru/podrabotka/pereslavl/computerhelp"
"компьютерная помощь в угличе";"https://dodelay.ru/podrabotka/uglich/computerhelp"
"компьютерная помощь в ростове великом";"https://dodelay.ru/podrabotka/rostov/computerhelp"
"уборка в ярославле";"https://dodelay.ru/podrabotka/yaroslavl/cleaner"
"уборка в рыбинске";"https://dodelay.ru/podrabotka/rybinsk/cleaner"
"уборка в тутаеве";"https://dodelay.ru/podrabotka/tutaev/cleaner"
"уборка в переславле-залесском";"https://dodelay.ru/podrabotka/pereslavl/cleaner"
"уборка в угличе";"https://dodelay.ru/podrabotka/uglich/cleaner"
"уборка в ростове великом";"https://dodelay.ru/podrabotka/rostov/cleaner"
"мытьё окон в ярославле";"https://dodelay.ru/podrabotka/yaroslavl/windowwash"
"мытьё окон в рыбинске";"https://dodelay.ru/podrabotka/rybinsk/windowwash"
"мытьё окон в тутаеве";"https://dodelay.ru/podrabotka/tutaev/windowwash"
"мытьё окон в переславле-залесском";"https://dodelay.ru/podrabotka/pereslavl/windowwash"
"мытьё окон в угличе";"https://dodelay.ru/podrabotka/uglich/windowwash"
"мытьё окон в ростове великом";"https://dodelay.ru/podrabotka/rostov/windowwash"
"химчистка мебели в ярославле";"https://dodelay.ru/podrabotka/yaroslavl/drycleaning"
"химчистка мебели в рыбинске";"https://dodelay.ru/podrabotka/rybinsk/drycleaning"
"химчистка мебели в тутаеве";"https://dodelay.ru/podrabotka/tutaev/drycleaning"
"химчистка мебели в переславле-залесском";"https://dodelay.ru/podrabotka/pereslavl/drycleaning"
"химчистка мебели в угличе";"https://dodelay.ru/podrabotka/uglich/drycleaning"
"химчистка мебели в ростове великом";"https://dodelay.ru/podrabotka/rostov/drycleaning"
"дезинсекция в ярославле";"https://dodelay.ru/podrabotka/yaroslavl/pestcontrol"
"дезинсекция в рыбинске";"https://dodelay.ru/podrabotka/rybinsk/pestcontrol"
"дезинсекция в тутаеве";"https://dodelay.ru/podrabotka/tutaev/pestcontrol"
"дезинсекция в переславле-залесском";"https://dodelay.ru/podrabotka/pereslavl/pestcontrol"
"дезинсекция в угличе";"https://dodelay.ru/podrabotka/uglich/pestcontrol"
"дезинсекция в ростове великом";"https://dodelay.ru/podrabotka/rostov/pestcontrol"
"помощь по хозяйству в ярославле";"https://dodelay.ru/podrabotka/yaroslavl/household"
"помощь по хозяйству в рыбинске";"https://dodelay.ru/podrabotka/rybinsk/household"
"помощь по хозяйству в тутаеве";"https://dodelay.ru/podrabotka/tutaev/household"
"помощь по хозяйству в переславле-залесском";"https://dodelay.ru/podrabotka/pereslavl/household"
"помощь по хозяйству в угличе";"https://dodelay.ru/podrabotka/uglich/household"
"помощь по хозяйству в ростове великом";"https://dodelay.ru/podrabotka/rostov/household"
"присмотр за животными в ярославле";"https://dodelay.ru/podrabotka/yaroslavl/petcare"
"присмотр за животными в рыбинске";"https://dodelay.ru/podrabotka/rybinsk/petcare"
"присмотр за животными в тутаеве";"https://dodelay.ru/podrabotka/tutaev/petcare"
"присмотр за животными в переславле-залесском";"https://dodelay.ru/podrabotka/pereslavl/petcare"
"присмотр за животными в угличе";"https://dodelay.ru/podrabotka/uglich/petcare"
"присмотр за животными в ростове великом";"https://dodelay.ru/podrabotka/rostov/petcare"
"садовые работы в ярославле";"https://dodelay.ru/podrabotka/yaroslavl/gardener"
"садовые работы в рыбинске";"https://dodelay.ru/podrabotka/rybinsk/gardener"
"садовые работы в тутаеве";"https://dodelay.ru/podrabotka/tutaev/gardener"
"садовые работы в переславле-залесском";"https://dodelay.ru/podrabotka/pereslavl/gardener"
"садовые работы в угличе";"https://dodelay.ru/podrabotka/uglich/gardener"
"садовые работы в ростове великом";"https://dodelay.ru/podrabotka/rostov/gardener"
"спил деревьев в ярославле";"https://dodelay.ru/podrabotka/yaroslavl/treecut"
"спил деревьев в рыбинске";"https://dodelay.ru/podrabotka/rybinsk/treecut"
"спил деревьев в тутаеве";"https://dodelay.ru/podrabotka/tutaev/treecut"
"спил деревьев в переславле-залесском";"https://dodelay.ru/podrabotka/pereslavl/treecut"
"спил деревьев в угличе";"https://dodelay.ru/podrabotka/uglich/treecut"
"спил деревьев в ростове великом";"https://dodelay.ru/podrabotka/rostov/treecut"
"земляные работы в ярославле";"https://dodelay.ru/podrabotka/yaroslavl/digger"
"земляные работы в рыбинске";"https://dodelay.ru/podrabotka/rybinsk/digger"
"земляные работы в тутаеве";"https://dodelay.ru/podrabotka/tutaev/digger"
"земляные работы в переславле-залесском";"https://dodelay.ru/podrabotka/pereslavl/digger"
"земляные работы в угличе";"https://dodelay.ru/podrabotka/uglich/digger"
"земляные работы в ростове великом";"https://dodelay.ru/podrabotka/rostov/digger"
"заборы и ограждения в ярославле";"https://dodelay.ru/podrabotka/yaroslavl/fencing"
"заборы и ограждения в рыбинске";"https://dodelay.ru/podrabotka/rybinsk/fencing"
"заборы и ограждения в тутаеве";"https://dodelay.ru/podrabotka/tutaev/fencing"
"заборы и ограждения в переславле-залесском";"https://dodelay.ru/podrabotka/pereslavl/fencing"
"заборы и ограждения в угличе";"https://dodelay.ru/podrabotka/uglich/fencing"
"заборы и ограждения в ростове великом";"https://dodelay.ru/podrabotka/rostov/fencing"
"бани и беседки в ярославле";"https://dodelay.ru/podrabotka/yaroslavl/bathhouse"
"бани и беседки в рыбинске";"https://dodelay.ru/podrabotka/rybinsk/bathhouse"
"бани и беседки в тутаеве";"https://dodelay.ru/podrabotka/tutaev/bathhouse"
"бани и беседки в переславле-залесском";"https://dodelay.ru/podrabotka/pereslavl/bathhouse"
"бани и беседки в угличе";"https://dodelay.ru/podrabotka/uglich/bathhouse"
"бани и беседки в ростове великом";"https://dodelay.ru/podrabotka/rostov/bathhouse"
"тротуарная плитка в ярославле";"https://dodelay.ru/podrabotka/yaroslavl/paving"
"тротуарная плитка в рыбинске";"https://dodelay.ru/podrabotka/rybinsk/paving"
"тротуарная плитка в тутаеве";"https://dodelay.ru/podrabotka/tutaev/paving"
"тротуарная плитка в переславле-залесском";"https://dodelay.ru/podrabotka/pereslavl/paving"
"тротуарная плитка в угличе";"https://dodelay.ru/podrabotka/uglich/paving"
"тротуарная плитка в ростове великом";"https://dodelay.ru/podrabotka/rostov/paving"
"тракторные работы в ярославле";"https://dodelay.ru/podrabotka/yaroslavl/tractor"
"тракторные работы в рыбинске";"https://dodelay.ru/podrabotka/rybinsk/tractor"
"тракторные работы в тутаеве";"https://dodelay.ru/podrabotka/tutaev/tractor"
"тракторные работы в переславле-залесском";"https://dodelay.ru/podrabotka/pereslavl/tractor"
"тракторные работы в угличе";"https://dodelay.ru/podrabotka/uglich/tractor"
"тракторные работы в ростове великом";"https://dodelay.ru/podrabotka/rostov/tractor"
"уборка снега в ярославле";"https://dodelay.ru/podrabotka/yaroslavl/snow"
"уборка снега в рыбинске";"https://dodelay.ru/podrabotka/rybinsk/snow"
"уборка снега в тутаеве";"https://dodelay.ru/podrabotka/tutaev/snow"
"уборка снега в переславле-залесском";"https://dodelay.ru/podrabotka/pereslavl/snow"
"уборка снега в угличе";"https://dodelay.ru/podrabotka/uglich/snow"
"уборка снега в ростове великом";"https://dodelay.ru/podrabotka/rostov/snow"
"газель";"https://dodelay.ru/podrabotka/yaroslavl/cargo"
"грузоперевозки в рыбинске";"https://dodelay.ru/podrabotka/rybinsk/cargo"
"грузоперевозки в тутаеве";"https://dodelay.ru/podrabotka/tutaev/cargo"
"грузоперевозки в переславле-залесском";"https://dodelay.ru/podrabotka/pereslavl/cargo"
"грузоперевозки в угличе";"https://dodelay.ru/podrabotka/uglich/cargo"
"грузоперевозки в ростове великом";"https://dodelay.ru/podrabotka/rostov/cargo"
"водитель с авто в ярославле";"https://dodelay.ru/podrabotka/yaroslavl/driver"
"водитель с авто в рыбинске";"https://dodelay.ru/podrabotka/rybinsk/driver"
"водитель с авто в тутаеве";"https://dodelay.ru/podrabotka/tutaev/driver"
"водитель с авто в переславле-залесском";"https://dodelay.ru/podrabotka/pereslavl/driver"
"водитель с авто в угличе";"https://dodelay.ru/podrabotka/uglich/driver"
"водитель с авто в ростове великом";"https://dodelay.ru/podrabotka/rostov/driver"
"вывоз мусора в ярославле";"https://dodelay.ru/podrabotka/yaroslavl/wasteremoval"
"вывоз мусора в рыбинске";"https://dodelay.ru/podrabotka/rybinsk/wasteremoval"
"вывоз мусора в тутаеве";"https://dodelay.ru/podrabotka/tutaev/wasteremoval"
"вывоз мусора в переславле-залесском";"https://dodelay.ru/podrabotka/pereslavl/wasteremoval"
"вывоз мусора в угличе";"https://dodelay.ru/podrabotka/uglich/wasteremoval"
"вывоз мусора в ростове великом";"https://dodelay.ru/podrabotka/rostov/wasteremoval"
"курьер в ярославле";"https://dodelay.ru/podrabotka/yaroslavl/courier"
"курьер в рыбинске";"https://dodelay.ru/podrabotka/rybinsk/courier"
"курьер в тутаеве";"https://dodelay.ru/podrabotka/tutaev/courier"
"курьер в переславле-залесском";"https://dodelay.ru/podrabotka/pereslavl/courier"
"курьер в угличе";"https://dodelay.ru/podrabotka/uglich/courier"
"курьер в ростове великом";"https://dodelay.ru/podrabotka/rostov/courier"
"автомастер в ярославле";"https://dodelay.ru/podrabotka/yaroslavl/automaster"
"автомастер в рыбинске";"https://dodelay.ru/podrabotka/rybinsk/automaster"
"автомастер в тутаеве";"https://dodelay.ru/podrabotka/tutaev/automaster"
"автомастер в переславле-залесском";"https://dodelay.ru/podrabotka/pereslavl/automaster"
"автомастер в угличе";"https://dodelay.ru/podrabotka/uglich/automaster"
"автомастер в ростове великом";"https://dodelay.ru/podrabotka/rostov/automaster"
"разнорабочий в ярославле";"https://dodelay.ru/podrabotka/yaroslavl/other"
"разнорабочий в рыбинске";"https://dodelay.ru/podrabotka/rybinsk/other"
"разнорабочий в тутаеве";"https://dodelay.ru/podrabotka/tutaev/other"
"разнорабочий в переславле-залесском";"https://dodelay.ru/podrabotka/pereslavl/other"
"разнорабочий в угличе";"https://dodelay.ru/podrabotka/uglich/other"
"разнорабочий в ростове великом";"https://dodelay.ru/podrabotka/rostov/other"