Группа;Запрос
"Города / Ярославль";"подработка в ярославле"
"Города / Ярославль";"шабашка в ярославле"
"Города / Ярославль";"разовая работа в ярославле"
"Города / Ярославль";"найти подработку в ярославле"
"Города / Ярославль";"найти мастера в ярославле"
"Города / Ярославль";"частные мастера в ярославле"
"Города / Рыбинск";"подработка в рыбинске"
"Города / Рыбинск";"шабашка в рыбинске"
"Города / Рыбинск";"разовая работа в рыбинске"
"Города / Рыбинск";"найти подработку в рыбинске"
"Города / Рыбинск";"найти мастера в рыбинске"
"Города / Рыбинск";"частные мастера в рыбинске"
"Города / Тутаев";"подработка в тутаеве"
"Города / Тутаев";"шабашка в тутаеве"
"Города / Тутаев";"разовая работа в тутаеве"
"Города / Тутаев";"найти подработку в тутаеве"
"Города / Тутаев";"найти мастера в тутаеве"
"Города / Тутаев";"частные мастера в тутаеве"
"Города / Переславль-Залесский";"подработка в переславле-залесском"
"Города / Переславль-Залесский";"шабашка в переславле-залесском"
"Города / Переславль-Залесский";"разовая работа в переславле-залесском"
"Города / Переславль-Залесский";"найти подработку в переславле-залесском"
"Города / Переславль-Залесский";"найти мастера в переславле-залесском"
"Города / Переславль-Залесский";"частные мастера в переславле-залесском"
"Города / Углич";"подработка в угличе"
"Города / Углич";"шабашка в угличе"
"Города / Углич";"разовая работа в угличе"
"Города / Углич";"найти подработку в угличе"
"Города / Углич";"найти мастера в угличе"
"Города / Углич";"частные мастера в угличе"
"Города / Ростов Великий";"подработка в ростове великом"
"Города / Ростов Великий";"шабашка в ростове великом"
"Города / Ростов Великий";"разовая работа в ростове великом"
"Города / Ростов Великий";"найти подработку в ростове великом"
"Города / Ростов Великий";"найти мастера в ростове великом"
"Города / Ростов Великий";"частные мастера в ростове великом"
"Районы / Кировский район";"подработка в кировском районе"
"Районы / Кировский район";"шабашка в кировском районе"
"Районы / Кировский район";"мастер в кировском районе"
"Районы / Ленинский район";"подработка в ленинском районе"
"Районы / Ленинский район";"шабашка в ленинском районе"
"Районы / Ленинский район";"мастер в ленинском районе"
"Районы / Дзержинский район";"подработка в дзержинском районе"
"Районы / Дзержинский район";"шабашка в дзержинском районе"
"Районы / Дзержинский район";"мастер в дзержинском районе"
"Районы / Заволжский район";"подработка в заволжском районе"
"Районы / Заволжский район";"шабашка в заволжском районе"
"Районы / Заволжский район";"мастер в заволжском районе"
"Районы / Красноперекопский район";"подработка в красноперекопском районе"
"Районы / Красноперекопский район";"шабашка в красноперекопском районе"
"Районы / Красноперекопский район";"мастер в красноперекопском районе"
"Районы / Фрунзенский район";"подработка в фрунзенском районе"
"Районы / Фрунзенский район";"шабашка в фрунзенском районе"
"Районы / Фрунзенский район";"мастер в фрунзенском районе"
"Бренд";"доделай"
"Бренд";"доделай ру"
"Бренд";"dodelay"
"Бренд";"dodelay ru"
"Бренд";"доделай ярославль"
"Бренд";"доделай сайт"
"Бренд";"доделай подработка"
"Бренд";"сайт доделай ру"
"Общие / Регион";"сервис подработки ярославская область"
"Общие / Регион";"подработка ярославская область"
"Общие / Регион";"шабашка ярославская область"
"Общие / Регион";"найти работу на день ярославль"
"Общие / Регион";"сайт для поиска подработки"
"Общие / Регион";"приложение для подработки"
"Общие / Регион";"подработка без оформления"
"Общие / Регион";"подработка за наличные"
"Профессии / Муж на час / Ярославль";"муж на час в ярославле"
"Профессии / Муж на час / Рыбинск";"муж на час в рыбинске"
"Профессии / Муж на час / Тутаев";"муж на час в тутаеве"
"Профессии / Муж на час / Переславль-Залесский";"муж на час в переславле-залесском"
"Профессии / Муж на час / Углич";"муж на час в угличе"
"Профессии / Муж на час / Ростов Великий";"муж на час в ростове великом"
"Профессии / Электрик / Ярославль";"электрик в ярославле"
"Профессии / Электрик / Рыбинск";"электрик в рыбинске"
"Профессии / Электрик / Тутаев";"электрик в тутаеве"
"Профессии / Электрик / Переславль-Залесский";"электрик в переславле-залесском"
"Профессии / Электрик / Углич";"электрик в угличе"
"Профессии / Электрик / Ростов Великий";"электрик в ростове великом"
"Профессии / Сантехник / Ярославль";"сантехник в ярославле"
"Профессии / Сантехник / Рыбинск";"сантехник в рыбинске"
"Профессии / Сантехник / Тутаев";"сантехник в тутаеве"
"Профессии / Сантехник / Переславль-Залесский";"сантехник в переславле-залесском"
"Профессии / Сантехник / Углич";"сантехник в угличе"
"Профессии / Сантехник / Ростов Великий";"сантехник в ростове великом"
"Профессии / Сборка мебели / Ярославль";"сборка мебели в ярославле"
"Профессии / Сборка мебели / Рыбинск";"сборка мебели в рыбинске"
"Профессии / Сборка мебели / Тутаев";"сборка мебели в тутаеве"
"Профессии / Сборка мебели / Переславль-Залесский";"сборка мебели в переславле-залесском"
"Профессии / Сборка мебели / Углич";"сборка мебели в угличе"
"Профессии / Сборка мебели / Ростов Великий";"сборка мебели в ростове великом"
"Профессии / Грузчик / Ярославль";"грузчик в ярославле"
"Профессии / Грузчик / Рыбинск";"грузчик в рыбинске"
"Профессии / Грузчик / Тутаев";"грузчик в тутаеве"
"Профессии / Грузчик / Переславль-Залесский";"грузчик в переславле-залесском"
"Профессии / Грузчик / Углич";"грузчик в угличе"
"Профессии / Грузчик / Ростов Великий";"грузчик в ростове великом"
"Профессии / Сварщик / Ярославль";"сварщик в ярославле"
"Профессии / Сварщик / Рыбинск";"сварщик в рыбинске"
"Профессии / Сварщик / Тутаев";"сварщик в тутаеве"
"Профессии / Сварщик / Переславль-Залесский";"сварщик в переславле-залесском"
"Профессии / Сварщик / Углич";"сварщик в угличе"
"Профессии / Сварщик / Ростов Великий";"сварщик в ростове великом"
"Профессии / Плиточник / Ярославль";"плиточник в ярославле"
"Профессии / Плиточник / Рыбинск";"плиточник в рыбинске"
"Профессии / Плиточник / Тутаев";"плиточник в тутаеве"
"Профессии / Плиточник / Переславль-Залесский";"плиточник в переславле-залесском"
"Профессии / Плиточник / Углич";"плиточник в угличе"
"Профессии / Плиточник / Ростов Великий";"плиточник в ростове великом"
"Профессии / Маляр / Ярославль";"маляр в ярославле"
"Профессии / Маляр / Рыбинск";"маляр в рыбинске"
"Профессии / Маляр / Тутаев";"маляр в тутаеве"
"Профессии / Маляр / Переславль-Залесский";"маляр в переславле-залесском"
"Профессии / Маляр / Углич";"маляр в угличе"
"Профессии / Маляр / Ростов Великий";"маляр в ростове великом"
"Профессии / Отделочник / Ярославль";"отделочник в ярославле"
"Профессии / Отделочник / Рыбинск";"отделочник в рыбинске"
"Профессии / Отделочник / Тутаев";"отделочник в тутаеве"
"Профессии / Отделочник / Переславль-Залесский";"отделочник в переславле-залесском"
"Профессии / Отделочник / Углич";"отделочник в угличе"
"Профессии / Отделочник / Ростов Великий";"отделочник в ростове великом"
"Профессии / Плотник, столяр / Ярославль";"плотник"
"Профессии / Плотник, столяр / Рыбинск";"вызвать плотника в рыбинске"
"Профессии / Плотник, столяр / Тутаев";"вызвать плотника в тутаеве"
"Профессии / Плотник, столяр / Переславль-Залесский";"вызвать плотника в переславле-залесском"
"Профессии / Плотник, столяр / Углич";"вызвать плотника в угличе"
"Профессии / Плотник, столяр / Ростов Великий";"вызвать плотника в ростове великом"
"Профессии / Каменщик / Ярославль";"каменщик в ярославле"
"Профессии / Каменщик / Рыбинск";"каменщик в рыбинске"
"Профессии / Каменщик / Тутаев";"каменщик в тутаеве"
"Профессии / Каменщик / Переславль-Залесский";"каменщик в переславле-залесском"
"Профессии / Каменщик / Углич";"каменщик в угличе"
"Профессии / Каменщик / Ростов Великий";"каменщик в ростове великом"
"Профессии / Штукатур / Ярославль";"штукатур в ярославле"
"Профессии / Штукатур / Рыбинск";"штукатур в рыбинске"
"Профессии / Штукатур / Тутаев";"штукатур в тутаеве"
"Профессии / Штукатур / Переславль-Залесский";"штукатур в переславле-залесском"
"Профессии / Штукатур / Углич";"штукатур в угличе"
"Профессии / Штукатур / Ростов Великий";"штукатур в ростове великом"
"Профессии / Обойщик / Ярославль";"обойщик в ярославле"
"Профессии / Обойщик / Рыбинск";"обойщик в рыбинске"
"Профессии / Обойщик / Тутаев";"обойщик в тутаеве"
"Профессии / Обойщик / Переславль-Залесский";"обойщик в переславле-залесском"
"Профессии / Обойщик / Углич";"обойщик в угличе"
"Профессии / Обойщик / Ростов Великий";"обойщик в ростове великом"
"Профессии / Укладка полов / Ярославль";"укладка полов в ярославле"
"Профессии / Укладка полов / Рыбинск";"укладка полов в рыбинске"
"Профессии / Укладка полов / Тутаев";"укладка полов в тутаеве"
"Профессии / Укладка полов / Переславль-Залесский";"укладка полов в переславле-залесском"
"Профессии / Укладка полов / Углич";"укладка полов в угличе"
"Профессии / Укладка полов / Ростов Великий";"укладка полов в ростове великом"
"Профессии / Гипсокартон / Ярославль";"гипсокартон в ярославле"
"Профессии / Гипсокартон / Рыбинск";"гипсокартон в рыбинске"
"Профессии / Гипсокартон / Тутаев";"гипсокартон в тутаеве"
"Профессии / Гипсокартон / Переславль-Залесский";"гипсокартон в переславле-залесском"
"Профессии / Гипсокартон / Углич";"гипсокартон в угличе"
"Профессии / Гипсокартон / Ростов Великий";"гипсокартон в ростове великом"
"Профессии / Установка дверей / Ярославль";"установка дверей в ярославле"
"Профессии / Установка дверей / Рыбинск";"установка дверей в рыбинске"
"Профессии / Установка дверей / Тутаев";"установка дверей в тутаеве"
"Профессии / Установка дверей / Переславль-Залесский";"установка дверей в переславле-залесском"
"Профессии / Установка дверей / Углич";"установка дверей в угличе"
"Профессии / Установка дверей / Ростов Великий";"установка дверей в ростове великом"
"Профессии / Установка окон / Ярославль";"установка окон в ярославле"
"Профессии / Установка окон / Рыбинск";"установка окон в рыбинске"
"Профессии / Установка окон / Тутаев";"установка окон в тутаеве"
"Профессии / Установка окон / Переславль-Залесский";"установка окон в переславле-залесском"
"Профессии / Установка окон / Углич";"установка окон в угличе"
"Профессии / Установка окон / Ростов Великий";"установка окон в ростове великом"
"Профессии / Натяжные потолки / Ярославль";"натяжные потолки в ярославле"
"Профессии / Натяжные потолки / Рыбинск";"натяжные потолки в рыбинске"
"Профессии / Натяжные потолки / Тутаев";"натяжные потолки в тутаеве"
"Профессии / Натяжные потолки / Переславль-Залесский";"натяжные потолки в переславле-залесском"
"Профессии / Натяжные потолки / Углич";"натяжные потолки в угличе"
"Профессии / Натяжные потолки / Ростов Великий";"натяжные потолки в ростове великом"
"Профессии / Кровельщик / Ярославль";"кровельщик в ярославле"
"Профессии / Кровельщик / Рыбинск";"кровельщик в рыбинске"
"Профессии / Кровельщик / Тутаев";"кровельщик в тутаеве"
"Профессии / Кровельщик / Переславль-Залесский";"кровельщик в переславле-залесском"
"Профессии / Кровельщик / Углич";"кровельщик в угличе"
"Профессии / Кровельщик / Ростов Великий";"кровельщик в ростове великом"
"Профессии / Демонтаж / Ярославль";"демонтаж в ярославле"
"Профессии / Демонтаж / Рыбинск";"демонтаж в рыбинске"
"Профессии / Демонтаж / Тутаев";"демонтаж в тутаеве"
"Профессии / Демонтаж / Переславль-Залесский";"демонтаж в переславле-залесском"
"Профессии / Демонтаж / Углич";"демонтаж в угличе"
"Профессии / Демонтаж / Ростов Великий";"демонтаж в ростове великом"
"Профессии / Отопление и котлы / Ярославль";"отопление и котлы в ярославле"
"Профессии / Отопление и котлы / Рыбинск";"отопление и котлы в рыбинске"
"Профессии / Отопление и котлы / Тутаев";"отопление и котлы в тутаеве"
"Профессии / Отопление и котлы / Переславль-Залесский";"отопление и котлы в переславле-залесском"
"Профессии / Отопление и котлы / Углич";"отопление и котлы в угличе"
"Профессии / Отопление и котлы / Ростов Великий";"отопление и котлы в ростове великом"
"Профессии / Кондиционеры / Ярославль";"кондиционеры в ярославле"
"Профессии / Кондиционеры / Рыбинск";"кондиционеры в рыбинске"
"Профессии / Кондиционеры / Тутаев";"кондиционеры в тутаеве"
"Профессии / Кондиционеры / Переславль-Залесский";"кондиционеры в переславле-залесском"
"Профессии / Кондиционеры / Углич";"кондиционеры в угличе"
"Профессии / Кондиционеры / Ростов Великий";"кондиционеры в ростове великом"
"Профессии / Вентиляция / Ярославль";"вентиляция в ярославле"
"Профессии / Вентиляция / Рыбинск";"вентиляция в рыбинске"
"Профессии / Вентиляция / Тутаев";"вентиляция в тутаеве"
"Профессии / Вентиляция / Переславль-Залесский";"вентиляция в переславле-залесском"
"Профессии / Вентиляция / Углич";"вентиляция в угличе"
"Профессии / Вентиляция / Ростов Великий";"вентиляция в ростове великом"
"Профессии / Скважины и колодцы / Ярославль";"скважины и колодцы в ярославле"
"Профессии / Скважины и колодцы / Рыбинск";"скважины и колодцы в рыбинске"
"Профессии / Скважины и колодцы / Тутаев";"скважины и колодцы в тутаеве"
"Профессии / Скважины и колодцы / Переславль-Залесский";"скважины и колодцы в переславле-залесском"
"Профессии / Скважины и колодцы / Углич";"скважины и колодцы в угличе"
"Профессии / Скважины и колодцы / Ростов Великий";"скважины и колодцы в ростове великом"
"Профессии / Интернет и видеонаблюдение / Ярославль";"интернет и видеонаблюдение в ярославле"
"Профессии / Интернет и видеонаблюдение / Рыбинск";"интернет и видеонаблюдение в рыбинске"
"Профессии / Интернет и видеонаблюдение / Тутаев";"интернет и видеонаблюдение в тутаеве"
"Профессии / Интернет и видеонаблюдение / Переславль-Залесский";"интернет и видеонаблюдение в переславле-залесском"
"Профессии / Интернет и видеонаблюдение / Углич";"интернет и видеонаблюдение в угличе"
"Профессии / Интернет и видеонаблюдение / Ростов Великий";"интернет и видеонаблюдение в ростове великом"
"Профессии / Ремонт техники / Ярославль";"ремонт техники в ярославле"
"Профессии / Ремонт техники / Рыбинск";"ремонт техники в рыбинске"
"Профессии / Ремонт техники / Тутаев";"ремонт техники в тутаеве"
"Профессии / Ремонт техники / Переславль-Залесский";"ремонт техники в переславле-залесском"
"Профессии / Ремонт техники / Углич";"ремонт техники в угличе"
"Профессии / Ремонт техники / Ростов Великий";"ремонт техники в ростове великом"
"Профессии / Ремонт бытовой техники / Ярославль";"ремонт бытовой техники в ярославле"
"Профессии / Ремонт бытовой техники / Рыбинск";"ремонт бытовой техники в рыбинске"
"Профессии / Ремонт бытовой техники / Тутаев";"ремонт бытовой техники в тутаеве"
"Профессии / Ремонт бытовой техники / Переславль-Залесский";"ремонт бытовой техники в переславле-залесском"
"Профессии / Ремонт бытовой техники / Углич";"ремонт бытовой техники в угличе"
"Профессии / Ремонт бытовой техники / Ростов Великий";"ремонт бытовой техники в ростове великом"
"Профессии / Компьютерная помощь / Ярославль";"компьютерная помощь в ярославле"
"Профессии / Компьютерная помощь / Рыбинск";"компьютерная помощь в рыбинске"
"Профессии / Компьютерная помощь / Тутаев";"компьютерная помощь в тутаеве"
"Профессии / Компьютерная помощь / Переславль-Залесский";"компьютерная помощь в переславле-залесском"
"Профессии / Компьютерная помощь / Углич";"компьютерная помощь в угличе"
"Профессии / Компьютерная помощь / Ростов Великий";"компьютерная помощь в ростове великом"
"Профессии / Уборка / Ярославль";"уборка в ярославле"
"Профессии / Уборка / Рыбинск";"уборка в рыбинске"
"Профессии / Уборка / Тутаев";"уборка в тутаеве"
"Профессии / Уборка / Переславль-Залесский";"уборка в переславле-залесском"
"Профессии / Уборка / Углич";"уборка в угличе"
"Профессии / Уборка / Ростов Великий";"уборка в ростове великом"
"Профессии / Мытьё окон / Ярославль";"мытьё окон в ярославле"
"Профессии / Мытьё окон / Рыбинск";"мытьё окон в рыбинске"
"Профессии / Мытьё окон / Тутаев";"мытьё окон в тутаеве"
"Профессии / Мытьё окон / Переславль-Залесский";"мытьё окон в переславле-залесском"
"Профессии / Мытьё окон / Углич";"мытьё окон в угличе"
"Профессии / Мытьё окон / Ростов Великий";"мытьё окон в ростове великом"
"Профессии / Химчистка мебели / Ярославль";"химчистка мебели в ярославле"
"Профессии / Химчистка мебели / Рыбинск";"химчистка мебели в рыбинске"
"Профессии / Химчистка мебели / Тутаев";"химчистка мебели в тутаеве"
"Профессии / Химчистка мебели / Переславль-Залесский";"химчистка мебели в переславле-залесском"
"Профессии / Химчистка мебели / Углич";"химчистка мебели в угличе"
"Профессии / Химчистка мебели / Ростов Великий";"химчистка мебели в ростове великом"
"Профессии / Дезинсекция / Ярославль";"дезинсекция в ярославле"
"Профессии / Дезинсекция / Рыбинск";"дезинсекция в рыбинске"
"Профессии / Дезинсекция / Тутаев";"дезинсекция в тутаеве"
"Профессии / Дезинсекция / Переславль-Залесский";"дезинсекция в переславле-залесском"
"Профессии / Дезинсекция / Углич";"дезинсекция в угличе"
"Профессии / Дезинсекция / Ростов Великий";"дезинсекция в ростове великом"
"Профессии / Помощь по хозяйству / Ярославль";"помощь по хозяйству в ярославле"
"Профессии / Помощь по хозяйству / Рыбинск";"помощь по хозяйству в рыбинске"
"Профессии / Помощь по хозяйству / Тутаев";"помощь по хозяйству в тутаеве"
"Профессии / Помощь по хозяйству / Переславль-Залесский";"помощь по хозяйству в переславле-залесском"
"Профессии / Помощь по хозяйству / Углич";"помощь по хозяйству в угличе"
"Профессии / Помощь по хозяйству / Ростов Великий";"помощь по хозяйству в ростове великом"
"Профессии / Присмотр за животными / Ярославль";"присмотр за животными в ярославле"
"Профессии / Присмотр за животными / Рыбинск";"присмотр за животными в рыбинске"
"Профессии / Присмотр за животными / Тутаев";"присмотр за животными в тутаеве"
"Профессии / Присмотр за животными / Переславль-Залесский";"присмотр за животными в переславле-залесском"
"Профессии / Присмотр за животными / Углич";"присмотр за животными в угличе"
"Профессии / Присмотр за животными / Ростов Великий";"присмотр за животными в ростове великом"
"Профессии / Садовые работы / Ярославль";"садовые работы в ярославле"
"Профессии / Садовые работы / Рыбинск";"садовые работы в рыбинске"
"Профессии / Садовые работы / Тутаев";"садовые работы в тутаеве"
"Профессии / Садовые работы / Переславль-Залесский";"садовые работы в переславле-залесском"
"Профессии / Садовые работы / Углич";"садовые работы в угличе"
"Профессии / Садовые работы / Ростов Великий";"садовые работы в ростове великом"
"Профессии / Спил деревьев / Ярославль";"спил деревьев в ярославле"
"Профессии / Спил деревьев / Рыбинск";"спил деревьев в рыбинске"
"Профессии / Спил деревьев / Тутаев";"спил деревьев в тутаеве"
"Профессии / Спил деревьев / Переславль-Залесский";"спил деревьев в переславле-залесском"
"Профессии / Спил деревьев / Углич";"спил деревьев в угличе"
"Профессии / Спил деревьев / Ростов Великий";"спил деревьев в ростове великом"
"Профессии / Земляные работы / Ярославль";"земляные работы в ярославле"
"Профессии / Земляные работы / Рыбинск";"земляные работы в рыбинске"
"Профессии / Земляные работы / Тутаев";"земляные работы в тутаеве"
"Профессии / Земляные работы / Переславль-Залесский";"земляные работы в переславле-залесском"
"Профессии / Земляные работы / Углич";"земляные работы в угличе"
"Профессии / Земляные работы / Ростов Великий";"земляные работы в ростове великом"
"Профессии / Заборы и ограждения / Ярославль";"заборы и ограждения в ярославле"
"Профессии / Заборы и ограждения / Рыбинск";"заборы и ограждения в рыбинске"
"Профессии / Заборы и ограждения / Тутаев";"заборы и ограждения в тутаеве"
"Профессии / Заборы и ограждения / Переславль-Залесский";"заборы и ограждения в переславле-залесском"
"Профессии / Заборы и ограждения / Углич";"заборы и ограждения в угличе"
"Профессии / Заборы и ограждения / Ростов Великий";"заборы и ограждения в ростове великом"
"Профессии / Бани и беседки / Ярославль";"бани и беседки в ярославле"
"Профессии / Бани и беседки / Рыбинск";"бани и беседки в рыбинске"
"Профессии / Бани и беседки / Тутаев";"бани и беседки в тутаеве"
"Профессии / Бани и беседки / Переславль-Залесский";"бани и беседки в переславле-залесском"
"Профессии / Бани и беседки / Углич";"бани и беседки в угличе"
"Профессии / Бани и беседки / Ростов Великий";"бани и беседки в ростове великом"
"Профессии / Тротуарная плитка / Ярославль";"тротуарная плитка в ярославле"
"Профессии / Тротуарная плитка / Рыбинск";"тротуарная плитка в рыбинске"
"Профессии / Тротуарная плитка / Тутаев";"тротуарная плитка в тутаеве"
"Профессии / Тротуарная плитка / Переславль-Залесский";"тротуарная плитка в переславле-залесском"
"Профессии / Тротуарная плитка / Углич";"тротуарная плитка в угличе"
"Профессии / Тротуарная плитка / Ростов Великий";"тротуарная плитка в ростове великом"
"Профессии / Тракторные работы / Ярославль";"тракторные работы в ярославле"
"Профессии / Тракторные работы / Рыбинск";"тракторные работы в рыбинске"
"Профессии / Тракторные работы / Тутаев";"тракторные работы в тутаеве"
"Профессии / Тракторные работы / Переславль-Залесский";"тракторные работы в переславле-залесском"
"Профессии / Тракторные работы / Углич";"тракторные работы в угличе"
"Профессии / Тракторные работы / Ростов Великий";"тракторные работы в ростове великом"
"Профессии / Уборка снега / Ярославль";"уборка снега в ярославле"
"Профессии / Уборка снега / Рыбинск";"уборка снега в рыбинске"
"Профессии / Уборка снега / Тутаев";"уборка снега в тутаеве"
"Профессии / Уборка снега / Переславль-Залесский";"уборка снега в переславле-залесском"
"Профессии / Уборка снега / Углич";"уборка снега в угличе"
"Профессии / Уборка снега / Ростов Великий";"уборка снега в ростове великом"
"Профессии / Газель, грузоперевозки / Ярославль";"газель"
"Профессии / Газель, грузоперевозки / Рыбинск";"грузоперевозки в рыбинске"
"Профессии / Газель, грузоперевозки / Тутаев";"грузоперевозки в тутаеве"
"Профессии / Газель, грузоперевозки / Переславль-Залесский";"грузоперевозки в переславле-залесском"
"Профессии / Газель, грузоперевозки / Углич";"грузоперевозки в угличе"
"Профессии / Газель, грузоперевозки / Ростов Великий";"грузоперевозки в ростове великом"
"Профессии / Водитель с авто / Ярославль";"водитель с авто в ярославле"
"Профессии / Водитель с авто / Рыбинск";"водитель с авто в рыбинске"
"Профессии / Водитель с авто / Тутаев";"водитель с авто в тутаеве"
"Профессии / Водитель с авто / Переславль-Залесский";"водитель с авто в переславле-залесском"
"Профессии / Водитель с авто / Углич";"водитель с авто в угличе"
"Профессии / Водитель с авто / Ростов Великий";"водитель с авто в ростове великом"
"Профессии / Вывоз мусора / Ярославль";"вывоз мусора в ярославле"
"Профессии / Вывоз мусора / Рыбинск";"вывоз мусора в рыбинске"
"Профессии / Вывоз мусора / Тутаев";"вывоз мусора в тутаеве"
"Профессии / Вывоз мусора / Переславль-Залесский";"вывоз мусора в переславле-залесском"
"Профессии / Вывоз мусора / Углич";"вывоз мусора в угличе"
"Профессии / Вывоз мусора / Ростов Великий";"вывоз мусора в ростове великом"
"Профессии / Курьер / Ярославль";"курьер в ярославле"
"Профессии / Курьер / Рыбинск";"курьер в рыбинске"
"Профессии / Курьер / Тутаев";"курьер в тутаеве"
"Профессии / Курьер / Переславль-Залесский";"курьер в переславле-залесском"
"Профессии / Курьер / Углич";"курьер в угличе"
"Профессии / Курьер / Ростов Великий";"курьер в ростове великом"
"Профессии / Автомастер / Ярославль";"автомастер в ярославле"
"Профессии / Автомастер / Рыбинск";"автомастер в рыбинске"
"Профессии / Автомастер / Тутаев";"автомастер в тутаеве"
"Профессии / Автомастер / Переславль-Залесский";"автомастер в переславле-залесском"
"Профессии / Автомастер / Углич";"автомастер в угличе"
"Профессии / Автомастер / Ростов Великий";"автомастер в ростове великом"
"Профессии / Разнорабочий / Ярославль";"разнорабочий в ярославле"
"Профессии / Разнорабочий / Рыбинск";"разнорабочий в рыбинске"
"Профессии / Разнорабочий / Тутаев";"разнорабочий в тутаеве"
"Профессии / Разнорабочий / Переславль-Залесский";"разнорабочий в переславле-залесском"
"Профессии / Разнорабочий / Углич";"разнорабочий в угличе"
"Профессии / Разнорабочий / Ростов Великий";"разнорабочий в ростове великом"